Node,  X Coordinate (m),  Y Coordinate (m),  Z Coordinate (m),  Advective X Heat Flux (MW/m2),  Advective Y Heat Flux (MW/m2),  Advective Z Heat Flux (MW/m2),  Conductive X Heat Flux (MW/m2),  Conductive Y Heat Flux (MW/m2),  Conductive Z Heat Flux (MW/m2)
0000000001,    0.00000000    ,    0.00000000    ,    0.00000000    ,    0.00000000    ,  -0.945836717E-11,  -0.214266649E-10,  -0.104865595E-08,  -0.159888627E-12,    0.00000000    
0000000002,    1.00000000    ,    0.00000000    ,    0.00000000    ,   0.144787418E-04,  -0.240810002E-10,    0.00000000    ,  -0.246570760E-09,    0.00000000    ,    0.00000000    
0000000003,    2.00000000    ,    0.00000000    ,    0.00000000    ,   0.144783314E-04,    0.00000000    ,    0.00000000    ,    0.00000000    ,    0.00000000    ,  -0.152501710E-11
0000000004,    3.00000000    ,    0.00000000    ,    0.00000000    ,   0.144774451E-04,    0.00000000    ,    0.00000000    ,   0.113196579E-09,    0.00000000    ,  -0.720289671E-12
0000000005,    4.00000000    ,    0.00000000    ,    0.00000000    ,   0.144765157E-04,    0.00000000    ,    0.00000000    ,   0.230749965E-09,    0.00000000    ,    0.00000000    
0000000006,    5.00000000    ,    0.00000000    ,    0.00000000    ,   0.144759302E-04,  -0.308516766E-10,    0.00000000    ,   0.261941062E-09,  -0.332826848E-12,    0.00000000    
0000000007,    6.00000000    ,    0.00000000    ,    0.00000000    ,   0.144754190E-04,  -0.118045190E-09,    0.00000000    ,   0.268974741E-09,  -0.337268287E-12,  -0.319934799E-13
0000000008,    7.00000000    ,    0.00000000    ,    0.00000000    ,   0.144747295E-04,  -0.980244950E-10,    0.00000000    ,   0.270498768E-09,  -0.252955685E-12,  -0.156819735E-12
0000000009,    8.00000000    ,    0.00000000    ,    0.00000000    ,   0.144739398E-04,    0.00000000    ,    0.00000000    ,   0.270927772E-09,  -0.199269849E-12,  -0.192178126E-12
0000000010,    9.00000000    ,    0.00000000    ,    0.00000000    ,   0.144731544E-04,    0.00000000    ,    0.00000000    ,   0.271079792E-09,  -0.176961166E-12,  -0.198378645E-12
0000000011,    10.0000000    ,    0.00000000    ,    0.00000000    ,   0.144724659E-04,    0.00000000    ,  -0.863667233E-11,   0.271134056E-09,  -0.171280782E-12,  -0.198812103E-12
0000000012,    11.0000000    ,    0.00000000    ,    0.00000000    ,   0.144719515E-04,    0.00000000    ,    0.00000000    ,   0.271159821E-09,  -0.172629233E-12,  -0.195556390E-12
0000000013,    12.0000000    ,    0.00000000    ,    0.00000000    ,   0.144714530E-04,  -0.361446178E-10,    0.00000000    ,   0.271174380E-09,  -0.174911209E-12,  -0.190269752E-12
0000000014,    13.0000000    ,    0.00000000    ,    0.00000000    ,   0.144707018E-04,  -0.518079111E-10,    0.00000000    ,   0.271167718E-09,  -0.175918211E-12,  -0.189266702E-12
0000000015,    14.0000000    ,    0.00000000    ,    0.00000000    ,   0.144697332E-04,  -0.223967810E-10,    0.00000000    ,   0.271154562E-09,  -0.176163775E-12,  -0.192116275E-12
0000000016,    15.0000000    ,    0.00000000    ,    0.00000000    ,   0.144688691E-04,  -0.736216434E-11,    0.00000000    ,   0.271154549E-09,  -0.175866374E-12,  -0.193226683E-12
0000000017,    16.0000000    ,    0.00000000    ,    0.00000000    ,   0.144682808E-04,  -0.118977021E-10,    0.00000000    ,   0.271158424E-09,  -0.174357118E-12,  -0.192465858E-12
0000000018,    17.0000000    ,    0.00000000    ,    0.00000000    ,   0.144678272E-04,  -0.401037177E-11,    0.00000000    ,   0.271155708E-09,  -0.171995678E-12,  -0.192597234E-12
0000000019,    18.0000000    ,    0.00000000    ,    0.00000000    ,   0.144673275E-04,    0.00000000    ,    0.00000000    ,   0.271152820E-09,  -0.170380638E-12,  -0.193457781E-12
0000000020,    19.0000000    ,    0.00000000    ,    0.00000000    ,   0.144667751E-04,    0.00000000    ,    0.00000000    ,   0.271154655E-09,  -0.170796254E-12,  -0.193171623E-12
0000000021,    20.0000000    ,    0.00000000    ,    0.00000000    ,   0.144662150E-04,    0.00000000    ,    0.00000000    ,   0.271157451E-09,  -0.173017415E-12,  -0.191169819E-12
0000000022,    21.0000000    ,    0.00000000    ,    0.00000000    ,   0.144655961E-04,    0.00000000    ,    0.00000000    ,   0.271157032E-09,  -0.175414576E-12,  -0.189143229E-12
0000000023,    22.0000000    ,    0.00000000    ,    0.00000000    ,   0.144648874E-04,    0.00000000    ,    0.00000000    ,   0.271152093E-09,  -0.176560705E-12,  -0.189018452E-12
0000000024,    23.0000000    ,    0.00000000    ,    0.00000000    ,   0.144641878E-04,  -0.875917463E-11,    0.00000000    ,   0.271144417E-09,  -0.176456724E-12,  -0.190653176E-12
0000000025,    24.0000000    ,    0.00000000    ,    0.00000000    ,   0.144635734E-04,  -0.136951234E-10,    0.00000000    ,   0.271138947E-09,  -0.175915487E-12,  -0.192776611E-12
0000000026,    25.0000000    ,    0.00000000    ,    0.00000000    ,   0.144629891E-04,    0.00000000    ,    0.00000000    ,   0.271140459E-09,  -0.175494039E-12,  -0.194501273E-12
0000000027,    26.0000000    ,    0.00000000    ,    0.00000000    ,   0.144623705E-04,    0.00000000    ,    0.00000000    ,   0.271149337E-09,  -0.175122508E-12,  -0.194718021E-12
0000000028,    27.0000000    ,    0.00000000    ,    0.00000000    ,   0.144616860E-04,    0.00000000    ,    0.00000000    ,   0.271159759E-09,  -0.174188715E-12,  -0.192817282E-12
0000000029,    28.0000000    ,    0.00000000    ,    0.00000000    ,   0.144608619E-04,    0.00000000    ,    0.00000000    ,   0.271162689E-09,  -0.172387429E-12,  -0.190380563E-12
0000000030,    29.0000000    ,    0.00000000    ,    0.00000000    ,   0.144598632E-04,    0.00000000    ,    0.00000000    ,   0.271154381E-09,  -0.170770009E-12,  -0.189219546E-12
0000000031,    30.0000000    ,    0.00000000    ,    0.00000000    ,   0.144588003E-04,    0.00000000    ,    0.00000000    ,   0.271140779E-09,  -0.170994892E-12,  -0.188723929E-12
0000000032,    31.0000000    ,    0.00000000    ,    0.00000000    ,   0.144578097E-04,  -0.280196247E-10,    0.00000000    ,   0.271130010E-09,  -0.173255343E-12,  -0.187596294E-12
0000000033,    32.0000000    ,    0.00000000    ,    0.00000000    ,   0.144569196E-04,  -0.933787964E-10,    0.00000000    ,   0.271123804E-09,  -0.175811851E-12,  -0.186326538E-12
0000000034,    33.0000000    ,    0.00000000    ,    0.00000000    ,   0.144561111E-04,  -0.988673022E-10,    0.00000000    ,   0.271119390E-09,  -0.176665415E-12,  -0.186125330E-12
0000000035,    34.0000000    ,    0.00000000    ,    0.00000000    ,   0.144553986E-04,  -0.488029474E-10,    0.00000000    ,   0.271115381E-09,  -0.175185434E-12,  -0.187083603E-12
0000000036,    35.0000000    ,    0.00000000    ,    0.00000000    ,   0.144547924E-04,    0.00000000    ,    0.00000000    ,   0.271112553E-09,  -0.172391765E-12,  -0.188311613E-12
0000000037,    36.0000000    ,    0.00000000    ,    0.00000000    ,   0.144542623E-04,    0.00000000    ,    0.00000000    ,   0.271111646E-09,  -0.170119419E-12,  -0.188829560E-12
0000000038,    37.0000000    ,    0.00000000    ,    0.00000000    ,   0.144537647E-04,    0.00000000    ,    0.00000000    ,   0.271112390E-09,  -0.169710825E-12,  -0.188123833E-12
0000000039,    38.0000000    ,    0.00000000    ,    0.00000000    ,   0.144532648E-04,    0.00000000    ,    0.00000000    ,   0.271113651E-09,  -0.171185702E-12,  -0.186470538E-12
0000000040,    39.0000000    ,    0.00000000    ,    0.00000000    ,   0.144527396E-04,  -0.382388380E-10,    0.00000000    ,   0.271114211E-09,  -0.173470288E-12,  -0.184810720E-12
0000000041,    40.0000000    ,    0.00000000    ,    0.00000000    ,   0.144521956E-04,  -0.751135378E-10,    0.00000000    ,   0.271113833E-09,  -0.175218125E-12,  -0.184120763E-12
0000000042,    41.0000000    ,    0.00000000    ,    0.00000000    ,   0.144516787E-04,  -0.751771946E-10,    0.00000000    ,   0.271113573E-09,  -0.175556504E-12,  -0.184731296E-12
0000000043,    42.0000000    ,    0.00000000    ,    0.00000000    ,   0.144512395E-04,  -0.433243168E-10,    0.00000000    ,   0.271115123E-09,  -0.174496897E-12,  -0.186091296E-12
0000000044,    43.0000000    ,    0.00000000    ,    0.00000000    ,   0.144508840E-04,    0.00000000    ,  -0.109468333E-10,   0.271119712E-09,  -0.172800935E-12,  -0.187217358E-12
0000000045,    44.0000000    ,    0.00000000    ,    0.00000000    ,   0.144505726E-04,    0.00000000    ,  -0.149752137E-10,   0.271127016E-09,  -0.171372983E-12,  -0.187398692E-12
0000000046,    45.0000000    ,    0.00000000    ,    0.00000000    ,   0.144502553E-04,    0.00000000    ,    0.00000000    ,   0.271135034E-09,  -0.170739199E-12,  -0.186481435E-12
0000000047,    46.0000000    ,    0.00000000    ,    0.00000000    ,   0.144498908E-04,    0.00000000    ,    0.00000000    ,   0.271141331E-09,  -0.170947007E-12,  -0.184822231E-12
0000000048,    47.0000000    ,    0.00000000    ,    0.00000000    ,   0.144494514E-04,  -0.428321150E-11,    0.00000000    ,   0.271144522E-09,  -0.171702729E-12,  -0.183187468E-12
0000000049,    48.0000000    ,    0.00000000    ,    0.00000000    ,   0.144489462E-04,  -0.259108896E-10,    0.00000000    ,   0.271144904E-09,  -0.172584954E-12,  -0.182311382E-12
0000000050,    49.0000000    ,    0.00000000    ,    0.00000000    ,   0.144484284E-04,  -0.329974027E-10,    0.00000000    ,   0.271144211E-09,  -0.173268043E-12,  -0.182299871E-12
0000000051,    50.0000000    ,    0.00000000    ,    0.00000000    ,   0.144479512E-04,  -0.241642209E-10,    0.00000000    ,   0.271144581E-09,  -0.173602585E-12,  -0.182704514E-12
0000000052,    51.0000000    ,    0.00000000    ,    0.00000000    ,   0.144475248E-04,  -0.513489171E-11,    0.00000000    ,   0.271147226E-09,  -0.173562221E-12,  -0.183100063E-12
0000000053,    52.0000000    ,    0.00000000    ,    0.00000000    ,   0.144471288E-04,    0.00000000    ,    0.00000000    ,   0.271151937E-09,  -0.173235468E-12,  -0.183255996E-12
0000000054,    53.0000000    ,    0.00000000    ,    0.00000000    ,   0.144467408E-04,    0.00000000    ,    0.00000000    ,   0.271157675E-09,  -0.172829942E-12,  -0.183015996E-12
0000000055,    54.0000000    ,    0.00000000    ,    0.00000000    ,   0.144463421E-04,    0.00000000    ,    0.00000000    ,   0.271163324E-09,  -0.172563237E-12,  -0.182450164E-12
0000000056,    55.0000000    ,    0.00000000    ,    0.00000000    ,   0.144459277E-04,  -0.233448684E-10,    0.00000000    ,   0.271168213E-09,  -0.172540369E-12,  -0.181904360E-12
0000000057,    56.0000000    ,    0.00000000    ,    0.00000000    ,   0.144455257E-04,  -0.494112244E-10,    0.00000000    ,   0.271172479E-09,  -0.172723851E-12,  -0.181616207E-12
0000000058,    57.0000000    ,    0.00000000    ,    0.00000000    ,   0.144451816E-04,  -0.637627452E-10,    0.00000000    ,   0.271176850E-09,  -0.172933501E-12,  -0.181526998E-12
0000000059,    58.0000000    ,    0.00000000    ,    0.00000000    ,   0.144449133E-04,  -0.547653913E-10,  -0.145724658E-10,   0.271181872E-09,  -0.172903496E-12,  -0.181546336E-12
0000000060,    59.0000000    ,    0.00000000    ,    0.00000000    ,   0.144446962E-04,  -0.216531177E-10,  -0.241533974E-10,   0.271187526E-09,  -0.172485002E-12,  -0.181631785E-12
0000000061,    60.0000000    ,    0.00000000    ,    0.00000000    ,   0.144444840E-04,    0.00000000    ,  -0.212776409E-10,   0.271193524E-09,  -0.171825664E-12,  -0.181569742E-12
0000000062,    61.0000000    ,    0.00000000    ,    0.00000000    ,   0.144442256E-04,    0.00000000    ,  -0.540082990E-12,   0.271199465E-09,  -0.171283314E-12,  -0.181045118E-12
0000000063,    62.0000000    ,    0.00000000    ,    0.00000000    ,   0.144438731E-04,    0.00000000    ,    0.00000000    ,   0.271204678E-09,  -0.171165136E-12,  -0.179997291E-12
0000000064,    63.0000000    ,    0.00000000    ,    0.00000000    ,   0.144434021E-04,    0.00000000    ,    0.00000000    ,   0.271208418E-09,  -0.171555045E-12,  -0.178699871E-12
0000000065,    64.0000000    ,    0.00000000    ,    0.00000000    ,   0.144428315E-04,    0.00000000    ,    0.00000000    ,   0.271210417E-09,  -0.172293539E-12,  -0.177526691E-12
0000000066,    65.0000000    ,    0.00000000    ,    0.00000000    ,   0.144422138E-04,  -0.148003830E-10,    0.00000000    ,   0.271211093E-09,  -0.173045424E-12,  -0.176778988E-12
0000000067,    66.0000000    ,    0.00000000    ,    0.00000000    ,   0.144416071E-04,  -0.387923893E-10,    0.00000000    ,   0.271211273E-09,  -0.173447650E-12,  -0.176613923E-12
0000000068,    67.0000000    ,    0.00000000    ,    0.00000000    ,   0.144410532E-04,  -0.399207628E-10,    0.00000000    ,   0.271211814E-09,  -0.173306067E-12,  -0.176943669E-12
0000000069,    68.0000000    ,    0.00000000    ,    0.00000000    ,   0.144405684E-04,  -0.209988064E-10,    0.00000000    ,   0.271213304E-09,  -0.172708580E-12,  -0.177426585E-12
0000000070,    69.0000000    ,    0.00000000    ,    0.00000000    ,   0.144401396E-04,    0.00000000    ,    0.00000000    ,   0.271215819E-09,  -0.171968475E-12,  -0.177672226E-12
0000000071,    70.0000000    ,    0.00000000    ,    0.00000000    ,   0.144397345E-04,    0.00000000    ,    0.00000000    ,   0.271218924E-09,  -0.171449607E-12,  -0.177482183E-12
0000000072,    71.0000000    ,    0.00000000    ,    0.00000000    ,   0.144393237E-04,    0.00000000    ,    0.00000000    ,   0.271221998E-09,  -0.171383688E-12,  -0.176920264E-12
0000000073,    72.0000000    ,    0.00000000    ,    0.00000000    ,   0.144388966E-04,    0.00000000    ,    0.00000000    ,   0.271224648E-09,  -0.171765616E-12,  -0.176238787E-12
0000000074,    73.0000000    ,    0.00000000    ,    0.00000000    ,   0.144384630E-04,  -0.136755452E-10,    0.00000000    ,   0.271226938E-09,  -0.172367899E-12,  -0.175749770E-12
0000000075,    74.0000000    ,    0.00000000    ,    0.00000000    ,   0.144380435E-04,  -0.336904312E-10,    0.00000000    ,   0.271229359E-09,  -0.172863861E-12,  -0.175654422E-12
0000000076,    75.0000000    ,    0.00000000    ,    0.00000000    ,   0.144376566E-04,  -0.367861455E-10,    0.00000000    ,   0.271232548E-09,  -0.172997424E-12,  -0.175919823E-12
0000000077,    76.0000000    ,    0.00000000    ,    0.00000000    ,   0.144373043E-04,  -0.199821768E-10,    0.00000000    ,   0.271236875E-09,  -0.172715487E-12,  -0.176325463E-12
0000000078,    77.0000000    ,    0.00000000    ,    0.00000000    ,   0.144369698E-04,    0.00000000    ,    0.00000000    ,   0.271242217E-09,  -0.172193165E-12,  -0.176600955E-12
0000000079,    78.0000000    ,    0.00000000    ,    0.00000000    ,   0.144366287E-04,    0.00000000    ,    0.00000000    ,   0.271248042E-09,  -0.171730125E-12,  -0.176518000E-12
0000000080,    79.0000000    ,    0.00000000    ,    0.00000000    ,   0.144362575E-04,    0.00000000    ,    0.00000000    ,   0.271253616E-09,  -0.171567707E-12,  -0.175989770E-12
0000000081,    80.0000000    ,    0.00000000    ,    0.00000000    ,   0.144358387E-04,    0.00000000    ,    0.00000000    ,   0.271258207E-09,  -0.171747698E-12,  -0.175172043E-12
0000000082,    81.0000000    ,    0.00000000    ,    0.00000000    ,   0.144353681E-04,    0.00000000    ,    0.00000000    ,   0.271261346E-09,  -0.172113127E-12,  -0.174381022E-12
0000000083,    82.0000000    ,    0.00000000    ,    0.00000000    ,   0.144348581E-04,    0.00000000    ,    0.00000000    ,   0.271263099E-09,  -0.172424647E-12,  -0.173859237E-12
0000000084,    83.0000000    ,    0.00000000    ,    0.00000000    ,   0.144343273E-04,  -0.161118224E-11,    0.00000000    ,   0.271263993E-09,  -0.172483890E-12,  -0.173658259E-12
0000000085,    84.0000000    ,    0.00000000    ,    0.00000000    ,   0.144337870E-04,    0.00000000    ,    0.00000000    ,   0.271264565E-09,  -0.172226048E-12,  -0.173683046E-12
0000000086,    85.0000000    ,    0.00000000    ,    0.00000000    ,   0.144332400E-04,    0.00000000    ,    0.00000000    ,   0.271265047E-09,  -0.171784954E-12,  -0.173741175E-12
0000000087,    86.0000000    ,    0.00000000    ,    0.00000000    ,   0.144326825E-04,    0.00000000    ,    0.00000000    ,   0.271265486E-09,  -0.171437866E-12,  -0.173590729E-12
0000000088,    87.0000000    ,    0.00000000    ,    0.00000000    ,   0.144321062E-04,    0.00000000    ,    0.00000000    ,   0.271265803E-09,  -0.171397961E-12,  -0.173096609E-12
0000000089,    88.0000000    ,    0.00000000    ,    0.00000000    ,   0.144315031E-04,    0.00000000    ,    0.00000000    ,   0.271265651E-09,  -0.171666278E-12,  -0.172408149E-12
0000000090,    89.0000000    ,    0.00000000    ,    0.00000000    ,   0.144308783E-04,    0.00000000    ,    0.00000000    ,   0.271264697E-09,  -0.172086000E-12,  -0.171879151E-12
0000000091,    90.0000000    ,    0.00000000    ,    0.00000000    ,   0.144302609E-04,  -0.150262070E-10,    0.00000000    ,   0.271263154E-09,  -0.172467084E-12,  -0.171797961E-12
0000000092,    91.0000000    ,    0.00000000    ,    0.00000000    ,   0.144296921E-04,  -0.335499459E-10,    0.00000000    ,   0.271261242E-09,  -0.172871842E-12,  -0.172487420E-12
0000000093,    92.0000000    ,    0.00000000    ,    0.00000000    ,   0.144291995E-04,  -0.353004308E-10,    0.00000000    ,   0.271257715E-09,  -0.174600916E-12,  -0.174948082E-12
0000000094,    93.0000000    ,    0.00000000    ,    0.00000000    ,   0.144287873E-04,  -0.212850256E-10,    0.00000000    ,   0.271247492E-09,  -0.182246269E-12,  -0.181616859E-12
0000000095,    94.0000000    ,    0.00000000    ,    0.00000000    ,   0.144284447E-04,  -0.968717970E-13,    0.00000000    ,   0.271211202E-09,  -0.205234012E-12,  -0.195564908E-12
0000000096,    95.0000000    ,    0.00000000    ,    0.00000000    ,   0.144281435E-04,    0.00000000    ,    0.00000000    ,   0.271060972E-09,  -0.247381162E-12,  -0.209258415E-12
0000000097,    96.0000000    ,    0.00000000    ,    0.00000000    ,   0.144278372E-04,    0.00000000    ,    0.00000000    ,   0.270356534E-09,  -0.251396510E-12,  -0.183012044E-12
0000000098,    97.0000000    ,    0.00000000    ,    0.00000000    ,   0.144274950E-04,    0.00000000    ,    0.00000000    ,   0.266966924E-09,  -0.490151407E-13,  -0.157816838E-12
0000000099,    98.0000000    ,    0.00000000    ,    0.00000000    ,   0.144271271E-04,    0.00000000    ,    0.00000000    ,   0.252107306E-09,    0.00000000    ,  -0.386170584E-12
0000000100,    99.0000000    ,    0.00000000    ,    0.00000000    ,   0.144267670E-04,  -0.126176985E-10,    0.00000000    ,   0.196281681E-09,    0.00000000    ,  -0.416060044E-12
0000000101,    100.000000    ,    0.00000000    ,    0.00000000    ,   0.144264094E-04,    0.00000000    ,    0.00000000    ,   0.252773881E-10,    0.00000000    ,  -0.141391244E-12
0000000102,    0.00000000    ,    1.00000000    ,    0.00000000    ,    0.00000000    ,    0.00000000    ,  -0.898180524E-10,  -0.104732422E-08,    0.00000000    ,    0.00000000    
0000000103,    1.00000000    ,    1.00000000    ,    0.00000000    ,   0.144787272E-04,    0.00000000    ,    0.00000000    ,  -0.246488336E-09,   0.117184305E-11,  -0.437355394E-12
0000000104,    2.00000000    ,    1.00000000    ,    0.00000000    ,   0.144784020E-04,   0.466477171E-10,    0.00000000    ,    0.00000000    ,   0.125426673E-11,  -0.121480037E-11
0000000105,    3.00000000    ,    1.00000000    ,    0.00000000    ,   0.144775219E-04,   0.123657330E-09,    0.00000000    ,   0.112876703E-09,   0.934390562E-12,  -0.660831211E-12
0000000106,    4.00000000    ,    1.00000000    ,    0.00000000    ,   0.144764826E-04,   0.906364301E-10,  -0.380052883E-10,   0.229869878E-09,   0.543033138E-13,    0.00000000    
0000000107,    5.00000000    ,    1.00000000    ,    0.00000000    ,   0.144758087E-04,    0.00000000    ,    0.00000000    ,   0.261553932E-09,    0.00000000    ,    0.00000000    
0000000108,    6.00000000    ,    1.00000000    ,    0.00000000    ,   0.144753319E-04,    0.00000000    ,    0.00000000    ,   0.268970300E-09,    0.00000000    ,    0.00000000    
0000000109,    7.00000000    ,    1.00000000    ,    0.00000000    ,   0.144747495E-04,    0.00000000    ,    0.00000000    ,   0.270583081E-09,    0.00000000    ,  -0.524546806E-15
0000000110,    8.00000000    ,    1.00000000    ,    0.00000000    ,   0.144740479E-04,   0.100491854E-10,    0.00000000    ,   0.270981457E-09,    0.00000000    ,  -0.664103652E-14
0000000111,    9.00000000    ,    1.00000000    ,    0.00000000    ,   0.144732623E-04,   0.117942693E-09,    0.00000000    ,   0.271102100E-09,    0.00000000    ,  -0.657105090E-14
0000000112,    10.0000000    ,    1.00000000    ,    0.00000000    ,   0.144724805E-04,   0.132533721E-09,  -0.102227460E-10,   0.271139736E-09,    0.00000000    ,  -0.783171288E-14
0000000113,    11.0000000    ,    1.00000000    ,    0.00000000    ,   0.144718688E-04,   0.497850605E-10,    0.00000000    ,   0.271158473E-09,    0.00000000    ,  -0.647616361E-14
0000000114,    12.0000000    ,    1.00000000    ,    0.00000000    ,   0.144713671E-04,    0.00000000    ,    0.00000000    ,   0.271172098E-09,    0.00000000    ,  -0.330866214E-14
0000000115,    13.0000000    ,    1.00000000    ,    0.00000000    ,   0.144706861E-04,    0.00000000    ,    0.00000000    ,   0.271166711E-09,    0.00000000    ,  -0.375363101E-14
0000000116,    14.0000000    ,    1.00000000    ,    0.00000000    ,   0.144697627E-04,    0.00000000    ,    0.00000000    ,   0.271154316E-09,    0.00000000    ,  -0.618639859E-14
0000000117,    15.0000000    ,    1.00000000    ,    0.00000000    ,   0.144688841E-04,    0.00000000    ,    0.00000000    ,   0.271154846E-09,    0.00000000    ,  -0.588658082E-14
0000000118,    16.0000000    ,    1.00000000    ,    0.00000000    ,   0.144682762E-04,    0.00000000    ,    0.00000000    ,   0.271159933E-09,    0.00000000    ,  -0.417887804E-14
0000000119,    17.0000000    ,    1.00000000    ,    0.00000000    ,   0.144678351E-04,    0.00000000    ,    0.00000000    ,   0.271158070E-09,    0.00000000    ,  -0.407359266E-14
0000000120,    18.0000000    ,    1.00000000    ,    0.00000000    ,   0.144673504E-04,   0.188731729E-10,    0.00000000    ,   0.271154435E-09,    0.00000000    ,  -0.507675821E-14
0000000121,    19.0000000    ,    1.00000000    ,    0.00000000    ,   0.144667869E-04,   0.306357218E-10,    0.00000000    ,   0.271154240E-09,    0.00000000    ,  -0.528406758E-14
0000000122,    20.0000000    ,    1.00000000    ,    0.00000000    ,   0.144662096E-04,   0.252294167E-10,    0.00000000    ,   0.271155230E-09,    0.00000000    ,  -0.422825934E-14
0000000123,    21.0000000    ,    1.00000000    ,    0.00000000    ,   0.144655877E-04,   0.167695459E-10,    0.00000000    ,   0.271154634E-09,    0.00000000    ,  -0.319677724E-14
0000000124,    22.0000000    ,    1.00000000    ,    0.00000000    ,   0.144648770E-04,   0.632680913E-11,    0.00000000    ,   0.271150947E-09,    0.00000000    ,  -0.339718014E-14
0000000125,    23.0000000    ,    1.00000000    ,    0.00000000    ,   0.144641728E-04,    0.00000000    ,    0.00000000    ,   0.271144521E-09,    0.00000000    ,  -0.458160230E-14
0000000126,    24.0000000    ,    1.00000000    ,    0.00000000    ,   0.144635684E-04,    0.00000000    ,    0.00000000    ,   0.271139488E-09,    0.00000000    ,  -0.602939139E-14
0000000127,    25.0000000    ,    1.00000000    ,    0.00000000    ,   0.144630073E-04,   0.450221603E-11,    0.00000000    ,   0.271140881E-09,    0.00000000    ,  -0.715004376E-14
0000000128,    26.0000000    ,    1.00000000    ,    0.00000000    ,   0.144624061E-04,   0.401285855E-10,    0.00000000    ,   0.271149709E-09,    0.00000000    ,  -0.685030273E-14
0000000129,    27.0000000    ,    1.00000000    ,    0.00000000    ,   0.144617286E-04,   0.827032755E-10,    0.00000000    ,   0.271160693E-09,    0.00000000    ,  -0.484988050E-14
0000000130,    28.0000000    ,    1.00000000    ,    0.00000000    ,   0.144608971E-04,   0.117910041E-09,    0.00000000    ,   0.271164491E-09,    0.00000000    ,  -0.304537195E-14
0000000131,    29.0000000    ,    1.00000000    ,    0.00000000    ,   0.144598622E-04,   0.116886127E-09,    0.00000000    ,   0.271155998E-09,    0.00000000    ,  -0.307376524E-14
0000000132,    30.0000000    ,    1.00000000    ,    0.00000000    ,   0.144587435E-04,   0.601403692E-10,    0.00000000    ,   0.271140554E-09,    0.00000000    ,  -0.396826891E-14
0000000133,    31.0000000    ,    1.00000000    ,    0.00000000    ,   0.144577216E-04,    0.00000000    ,    0.00000000    ,   0.271127750E-09,    0.00000000    ,  -0.403664302E-14
0000000134,    32.0000000    ,    1.00000000    ,    0.00000000    ,   0.144568542E-04,    0.00000000    ,    0.00000000    ,   0.271121247E-09,    0.00000000    ,  -0.316366453E-14
0000000135,    33.0000000    ,    1.00000000    ,    0.00000000    ,   0.144561056E-04,    0.00000000    ,    0.00000000    ,   0.271118536E-09,    0.00000000    ,  -0.215915605E-14
0000000136,    34.0000000    ,    1.00000000    ,    0.00000000    ,   0.144554487E-04,    0.00000000    ,    0.00000000    ,   0.271116861E-09,    0.00000000    ,  -0.151466679E-14
0000000137,    35.0000000    ,    1.00000000    ,    0.00000000    ,   0.144548626E-04,   0.213405870E-10,    0.00000000    ,   0.271115347E-09,    0.00000000    ,  -0.133598093E-14
0000000138,    36.0000000    ,    1.00000000    ,    0.00000000    ,   0.144543095E-04,   0.684336682E-10,    0.00000000    ,   0.271113919E-09,    0.00000000    ,  -0.145327590E-14
0000000139,    37.0000000    ,    1.00000000    ,    0.00000000    ,   0.144537623E-04,   0.660351435E-10,    0.00000000    ,   0.271112799E-09,    0.00000000    ,  -0.146221595E-14
0000000140,    38.0000000    ,    1.00000000    ,    0.00000000    ,   0.144532187E-04,   0.199276993E-10,    0.00000000    ,   0.271112177E-09,    0.00000000    ,  -0.110971712E-14
0000000141,    39.0000000    ,    1.00000000    ,    0.00000000    ,   0.144526815E-04,    0.00000000    ,    0.00000000    ,   0.271111927E-09,    0.00000000    ,  -0.561074387E-15
0000000142,    40.0000000    ,    1.00000000    ,    0.00000000    ,   0.144521587E-04,    0.00000000    ,    0.00000000    ,   0.271112085E-09,    0.00000000    ,  -0.176498816E-15
0000000143,    41.0000000    ,    1.00000000    ,    0.00000000    ,   0.144516786E-04,    0.00000000    ,    0.00000000    ,   0.271113234E-09,    0.00000000    ,  -0.139165479E-15
0000000144,    42.0000000    ,    1.00000000    ,    0.00000000    ,   0.144512713E-04,    0.00000000    ,    0.00000000    ,   0.271116183E-09,    0.00000000    ,  -0.321304583E-15
0000000145,    43.0000000    ,    1.00000000    ,    0.00000000    ,   0.144509290E-04,   0.163774792E-11,    0.00000000    ,   0.271121408E-09,    0.00000000    ,  -0.443318982E-15
0000000146,    44.0000000    ,    1.00000000    ,    0.00000000    ,   0.144506066E-04,   0.356908743E-10,    0.00000000    ,   0.271128444E-09,    0.00000000    ,  -0.285467650E-15
0000000147,    45.0000000    ,    1.00000000    ,    0.00000000    ,   0.144502621E-04,   0.424409095E-10,    0.00000000    ,   0.271135667E-09,    0.00000000    ,    0.00000000    
0000000148,    46.0000000    ,    1.00000000    ,    0.00000000    ,   0.144498722E-04,   0.237752908E-10,    0.00000000    ,   0.271141123E-09,    0.00000000    ,    0.00000000    
0000000149,    47.0000000    ,    1.00000000    ,    0.00000000    ,   0.144494234E-04,    0.00000000    ,    0.00000000    ,   0.271143766E-09,    0.00000000    ,    0.00000000    
0000000150,    48.0000000    ,    1.00000000    ,    0.00000000    ,   0.144489246E-04,    0.00000000    ,    0.00000000    ,   0.271144022E-09,    0.00000000    ,    0.00000000    
0000000151,    49.0000000    ,    1.00000000    ,    0.00000000    ,   0.144484213E-04,    0.00000000    ,    0.00000000    ,   0.271143528E-09,    0.00000000    ,    0.00000000    
0000000152,    50.0000000    ,    1.00000000    ,    0.00000000    ,   0.144479600E-04,    0.00000000    ,    0.00000000    ,   0.271144246E-09,    0.00000000    ,    0.00000000    
0000000153,    51.0000000    ,    1.00000000    ,    0.00000000    ,   0.144475439E-04,    0.00000000    ,    0.00000000    ,   0.271147266E-09,    0.00000000    ,    0.00000000    
0000000154,    52.0000000    ,    1.00000000    ,    0.00000000    ,   0.144471456E-04,   0.116444926E-10,    0.00000000    ,   0.271152264E-09,    0.00000000    ,    0.00000000    
0000000155,    53.0000000    ,    1.00000000    ,    0.00000000    ,   0.144467438E-04,   0.147078700E-10,    0.00000000    ,   0.271158080E-09,    0.00000000    ,    0.00000000    
0000000156,    54.0000000    ,    1.00000000    ,    0.00000000    ,   0.144463287E-04,   0.129338761E-11,    0.00000000    ,   0.271163590E-09,    0.00000000    ,    0.00000000    
0000000157,    55.0000000    ,    1.00000000    ,    0.00000000    ,   0.144459031E-04,    0.00000000    ,  -0.133211538E-11,   0.271168236E-09,    0.00000000    ,    0.00000000    
0000000158,    56.0000000    ,    1.00000000    ,    0.00000000    ,   0.144454997E-04,    0.00000000    ,  -0.129573260E-10,   0.271172295E-09,    0.00000000    ,    0.00000000    
0000000159,    57.0000000    ,    1.00000000    ,    0.00000000    ,   0.144451672E-04,    0.00000000    ,  -0.150316195E-10,   0.271176640E-09,    0.00000000    ,    0.00000000    
0000000160,    58.0000000    ,    1.00000000    ,    0.00000000    ,   0.144449223E-04,    0.00000000    ,  -0.617379441E-11,   0.271181902E-09,    0.00000000    ,    0.00000000    
0000000161,    59.0000000    ,    1.00000000    ,    0.00000000    ,   0.144447293E-04,    0.00000000    ,    0.00000000    ,   0.271187945E-09,    0.00000000    ,    0.00000000    
0000000162,    60.0000000    ,    1.00000000    ,    0.00000000    ,   0.144445280E-04,   0.223958303E-10,    0.00000000    ,   0.271194183E-09,    0.00000000    ,    0.00000000    
0000000163,    61.0000000    ,    1.00000000    ,    0.00000000    ,   0.144442614E-04,   0.581937431E-10,    0.00000000    ,   0.271200007E-09,    0.00000000    ,    0.00000000    
0000000164,    62.0000000    ,    1.00000000    ,    0.00000000    ,   0.144438860E-04,   0.711102507E-10,    0.00000000    ,   0.271204796E-09,    0.00000000    ,    0.00000000    
0000000165,    63.0000000    ,    1.00000000    ,    0.00000000    ,   0.144433879E-04,   0.568696323E-10,    0.00000000    ,   0.271208028E-09,    0.00000000    ,    0.00000000    
0000000166,    64.0000000    ,    1.00000000    ,    0.00000000    ,   0.144427975E-04,   0.228346078E-10,    0.00000000    ,   0.271209679E-09,    0.00000000    ,    0.00000000    
0000000167,    65.0000000    ,    1.00000000    ,    0.00000000    ,   0.144421762E-04,    0.00000000    ,    0.00000000    ,   0.271210342E-09,    0.00000000    ,    0.00000000    
0000000168,    66.0000000    ,    1.00000000    ,    0.00000000    ,   0.144415831E-04,    0.00000000    ,    0.00000000    ,   0.271210871E-09,    0.00000000    ,    0.00000000    
0000000169,    67.0000000    ,    1.00000000    ,    0.00000000    ,   0.144410521E-04,    0.00000000    ,    0.00000000    ,   0.271211956E-09,    0.00000000    ,    0.00000000    
0000000170,    68.0000000    ,    1.00000000    ,    0.00000000    ,   0.144405874E-04,    0.00000000    ,    0.00000000    ,   0.271213902E-09,    0.00000000    ,    0.00000000    
0000000171,    69.0000000    ,    1.00000000    ,    0.00000000    ,   0.144401664E-04,   0.583152957E-11,    0.00000000    ,   0.271216559E-09,    0.00000000    ,    0.00000000    
0000000172,    70.0000000    ,    1.00000000    ,    0.00000000    ,   0.144397543E-04,   0.255730601E-10,    0.00000000    ,   0.271219443E-09,    0.00000000    ,    0.00000000    
0000000173,    71.0000000    ,    1.00000000    ,    0.00000000    ,   0.144393258E-04,   0.276988945E-10,    0.00000000    ,   0.271222064E-09,    0.00000000    ,    0.00000000    
0000000174,    72.0000000    ,    1.00000000    ,    0.00000000    ,   0.144388805E-04,   0.115109011E-10,    0.00000000    ,   0.271224266E-09,    0.00000000    ,    0.00000000    
0000000175,    73.0000000    ,    1.00000000    ,    0.00000000    ,   0.144384378E-04,    0.00000000    ,    0.00000000    ,   0.271226335E-09,    0.00000000    ,    0.00000000    
0000000176,    74.0000000    ,    1.00000000    ,    0.00000000    ,   0.144380235E-04,    0.00000000    ,    0.00000000    ,   0.271228863E-09,    0.00000000    ,    0.00000000    
0000000177,    75.0000000    ,    1.00000000    ,    0.00000000    ,   0.144376535E-04,    0.00000000    ,    0.00000000    ,   0.271232414E-09,    0.00000000    ,    0.00000000    
0000000178,    76.0000000    ,    1.00000000    ,    0.00000000    ,   0.144373211E-04,    0.00000000    ,    0.00000000    ,   0.271237156E-09,    0.00000000    ,    0.00000000    
0000000179,    77.0000000    ,    1.00000000    ,    0.00000000    ,   0.144369984E-04,   0.855228181E-11,    0.00000000    ,   0.271242739E-09,    0.00000000    ,    0.00000000    
0000000180,    78.0000000    ,    1.00000000    ,    0.00000000    ,   0.144366543E-04,   0.340657757E-10,    0.00000000    ,   0.271248505E-09,    0.00000000    ,    0.00000000    
0000000181,    79.0000000    ,    1.00000000    ,    0.00000000    ,   0.144362680E-04,   0.444588238E-10,    0.00000000    ,   0.271253778E-09,    0.00000000    ,    0.00000000    
0000000182,    80.0000000    ,    1.00000000    ,    0.00000000    ,   0.144358312E-04,   0.369865736E-10,    0.00000000    ,   0.271258027E-09,    0.00000000    ,    0.00000000    
0000000183,    81.0000000    ,    1.00000000    ,    0.00000000    ,   0.144353498E-04,   0.186763443E-10,    0.00000000    ,   0.271260981E-09,    0.00000000    ,    0.00000000    
0000000184,    82.0000000    ,    1.00000000    ,    0.00000000    ,   0.144348416E-04,   0.206086891E-11,    0.00000000    ,   0.271262788E-09,    0.00000000    ,    0.00000000    
0000000185,    83.0000000    ,    1.00000000    ,    0.00000000    ,   0.144343236E-04,    0.00000000    ,    0.00000000    ,   0.271263934E-09,    0.00000000    ,    0.00000000    
0000000186,    84.0000000    ,    1.00000000    ,    0.00000000    ,   0.144337995E-04,   0.108478255E-10,    0.00000000    ,   0.271264822E-09,    0.00000000    ,    0.00000000    
0000000187,    85.0000000    ,    1.00000000    ,    0.00000000    ,   0.144332613E-04,   0.321565366E-10,    0.00000000    ,   0.271265488E-09,    0.00000000    ,    0.00000000    
0000000188,    86.0000000    ,    1.00000000    ,    0.00000000    ,   0.144326996E-04,   0.492336000E-10,    0.00000000    ,   0.271265833E-09,    0.00000000    ,    0.00000000    
0000000189,    87.0000000    ,    1.00000000    ,    0.00000000    ,   0.144321088E-04,   0.517997117E-10,    0.00000000    ,   0.271265843E-09,    0.00000000    ,    0.00000000    
0000000190,    88.0000000    ,    1.00000000    ,    0.00000000    ,   0.144314891E-04,   0.377845886E-10,    0.00000000    ,   0.271265382E-09,    0.00000000    ,    0.00000000    
0000000191,    89.0000000    ,    1.00000000    ,    0.00000000    ,   0.144308530E-04,   0.124022851E-10,    0.00000000    ,   0.271264277E-09,    0.00000000    ,    0.00000000    
0000000192,    90.0000000    ,    1.00000000    ,    0.00000000    ,   0.144302335E-04,    0.00000000    ,    0.00000000    ,   0.271262773E-09,    0.00000000    ,    0.00000000    
0000000193,    91.0000000    ,    1.00000000    ,    0.00000000    ,   0.144296736E-04,    0.00000000    ,    0.00000000    ,   0.271260837E-09,    0.00000000    ,    0.00000000    
0000000194,    92.0000000    ,    1.00000000    ,    0.00000000    ,   0.144291977E-04,    0.00000000    ,    0.00000000    ,   0.271255986E-09,    0.00000000    ,    0.00000000    
0000000195,    93.0000000    ,    1.00000000    ,    0.00000000    ,   0.144288013E-04,    0.00000000    ,    0.00000000    ,   0.271239847E-09,    0.00000000    ,  -0.910043241E-15
0000000196,    94.0000000    ,    1.00000000    ,    0.00000000    ,   0.144284660E-04,    0.00000000    ,    0.00000000    ,   0.271188214E-09,    0.00000000    ,  -0.169634546E-13
0000000197,    95.0000000    ,    1.00000000    ,    0.00000000    ,   0.144281629E-04,   0.193391061E-10,    0.00000000    ,   0.271018825E-09,    0.00000000    ,  -0.227960498E-13
0000000198,    96.0000000    ,    1.00000000    ,    0.00000000    ,   0.144278479E-04,   0.299678624E-10,    0.00000000    ,   0.270352519E-09,    0.00000000    ,    0.00000000    
0000000199,    97.0000000    ,    1.00000000    ,    0.00000000    ,   0.144274907E-04,   0.256416405E-10,    0.00000000    ,   0.267169305E-09,    0.00000000    ,    0.00000000    
0000000200,    98.0000000    ,    1.00000000    ,    0.00000000    ,   0.144271066E-04,   0.513783695E-11,    0.00000000    ,   0.252396384E-09,   0.240062677E-12,  -0.298291938E-12
0000000201,    99.0000000    ,    1.00000000    ,    0.00000000    ,   0.144267492E-04,    0.00000000    ,    0.00000000    ,   0.196064511E-09,   0.228927405E-13,    0.00000000    
0000000202,    100.000000    ,    1.00000000    ,    0.00000000    ,   0.144264220E-04,    0.00000000    ,    0.00000000    ,   0.257337279E-10,   0.479232462E-12,  -0.505257404E-13
0000000203,    0.00000000    ,    0.00000000    ,    1.00000000    ,    0.00000000    ,  -0.778497547E-10,    0.00000000    ,  -0.104904897E-08,    0.00000000    ,   0.457228009E-12
0000000204,    1.00000000    ,    0.00000000    ,    1.00000000    ,   0.144788373E-04,  -0.138718276E-10,   0.741004138E-10,  -0.248159989E-09,    0.00000000    ,   0.642114969E-13
0000000205,    2.00000000    ,    0.00000000    ,    1.00000000    ,   0.144784583E-04,    0.00000000    ,   0.200930980E-09,    0.00000000    ,    0.00000000    ,    0.00000000    
0000000206,    3.00000000    ,    0.00000000    ,    1.00000000    ,   0.144773525E-04,    0.00000000    ,   0.108168106E-09,   0.114001306E-09,    0.00000000    ,    0.00000000    
0000000207,    4.00000000    ,    0.00000000    ,    1.00000000    ,   0.144764200E-04,    0.00000000    ,   0.123777166E-10,   0.231633937E-09,  -0.102632488E-12,   0.163681932E-12
0000000208,    5.00000000    ,    0.00000000    ,    1.00000000    ,   0.144760051E-04,  -0.114901059E-09,   0.872825771E-10,   0.261989154E-09,  -0.428494155E-12,   0.211772986E-12
0000000209,    6.00000000    ,    0.00000000    ,    1.00000000    ,   0.144755019E-04,  -0.219883158E-09,   0.170136874E-09,   0.268730975E-09,  -0.267384310E-12,    0.00000000    
0000000210,    7.00000000    ,    0.00000000    ,    1.00000000    ,   0.144747231E-04,  -0.156423086E-09,   0.163741618E-09,   0.270373942E-09,  -0.966604972E-13,    0.00000000    
0000000211,    8.00000000    ,    0.00000000    ,    1.00000000    ,   0.144738883E-04,    0.00000000    ,   0.112140772E-09,   0.270892413E-09,  -0.137327589E-13,    0.00000000    
0000000212,    9.00000000    ,    0.00000000    ,    1.00000000    ,   0.144730819E-04,    0.00000000    ,   0.396541272E-10,   0.271073591E-09,    0.00000000    ,    0.00000000    
0000000213,    10.0000000    ,    0.00000000    ,    1.00000000    ,   0.144724176E-04,    0.00000000    ,    0.00000000    ,   0.271133623E-09,    0.00000000    ,    0.00000000    
0000000214,    11.0000000    ,    0.00000000    ,    1.00000000    ,   0.144720116E-04,    0.00000000    ,   0.514595431E-10,   0.271163077E-09,    0.00000000    ,    0.00000000    
0000000215,    12.0000000    ,    0.00000000    ,    1.00000000    ,   0.144715779E-04,  -0.117805064E-09,   0.176321982E-09,   0.271179667E-09,    0.00000000    ,    0.00000000    
0000000216,    13.0000000    ,    0.00000000    ,    1.00000000    ,   0.144707418E-04,  -0.145676306E-09,   0.216294414E-09,   0.271168721E-09,    0.00000000    ,    0.00000000    
0000000217,    14.0000000    ,    0.00000000    ,    1.00000000    ,   0.144696520E-04,  -0.981164662E-10,   0.135001058E-09,   0.271151712E-09,    0.00000000    ,    0.00000000    
0000000218,    15.0000000    ,    0.00000000    ,    1.00000000    ,   0.144687814E-04,  -0.504954936E-10,   0.473407349E-10,   0.271153438E-09,    0.00000000    ,    0.00000000    
0000000219,    16.0000000    ,    0.00000000    ,    1.00000000    ,   0.144682689E-04,  -0.273673035E-10,   0.354209459E-10,   0.271159184E-09,    0.00000000    ,    0.00000000    
0000000220,    17.0000000    ,    0.00000000    ,    1.00000000    ,   0.144678512E-04,  -0.770662597E-11,   0.594428028E-10,   0.271155577E-09,    0.00000000    ,    0.00000000    
0000000221,    18.0000000    ,    0.00000000    ,    1.00000000    ,   0.144673282E-04,    0.00000000    ,   0.601453398E-10,   0.271151959E-09,    0.00000000    ,    0.00000000    
0000000222,    19.0000000    ,    0.00000000    ,    1.00000000    ,   0.144667710E-04,    0.00000000    ,   0.560330706E-10,   0.271154941E-09,    0.00000000    ,    0.00000000    
0000000223,    20.0000000    ,    0.00000000    ,    1.00000000    ,   0.144662427E-04,  -0.651888006E-11,   0.836406771E-10,   0.271159453E-09,    0.00000000    ,    0.00000000    
0000000224,    21.0000000    ,    0.00000000    ,    1.00000000    ,   0.144656229E-04,  -0.334546535E-10,   0.110367824E-09,   0.271159058E-09,    0.00000000    ,    0.00000000    
0000000225,    22.0000000    ,    0.00000000    ,    1.00000000    ,   0.144648744E-04,  -0.525443164E-10,   0.973168683E-10,   0.271152217E-09,    0.00000000    ,    0.00000000    
0000000226,    23.0000000    ,    0.00000000    ,    1.00000000    ,   0.144641674E-04,  -0.555729143E-10,   0.769124732E-10,   0.271142783E-09,    0.00000000    ,    0.00000000    
0000000227,    24.0000000    ,    0.00000000    ,    1.00000000    ,   0.144635774E-04,  -0.427894507E-10,   0.809649550E-10,   0.271136823E-09,    0.00000000    ,    0.00000000    
0000000228,    25.0000000    ,    0.00000000    ,    1.00000000    ,   0.144629961E-04,  -0.136662829E-10,   0.879909119E-10,   0.271138735E-09,    0.00000000    ,    0.00000000    
0000000229,    26.0000000    ,    0.00000000    ,    1.00000000    ,   0.144623788E-04,    0.00000000    ,   0.963378074E-10,   0.271149120E-09,    0.00000000    ,    0.00000000    
0000000230,    27.0000000    ,    0.00000000    ,    1.00000000    ,   0.144617204E-04,    0.00000000    ,   0.130762117E-09,   0.271161660E-09,    0.00000000    ,    0.00000000    
0000000231,    28.0000000    ,    0.00000000    ,    1.00000000    ,   0.144609007E-04,    0.00000000    ,   0.169548888E-09,   0.271165126E-09,    0.00000000    ,    0.00000000    
0000000232,    29.0000000    ,    0.00000000    ,    1.00000000    ,   0.144598709E-04,    0.00000000    ,   0.177143804E-09,   0.271155542E-09,    0.00000000    ,    0.00000000    
0000000233,    30.0000000    ,    0.00000000    ,    1.00000000    ,   0.144587952E-04,  -0.505977479E-10,   0.172030767E-09,   0.271141274E-09,    0.00000000    ,    0.00000000    
0000000234,    31.0000000    ,    0.00000000    ,    1.00000000    ,   0.144578171E-04,  -0.152986385E-09,   0.179369231E-09,   0.271131138E-09,    0.00000000    ,    0.00000000    
0000000235,    32.0000000    ,    0.00000000    ,    1.00000000    ,   0.144569175E-04,  -0.205357551E-09,   0.177268876E-09,   0.271125074E-09,    0.00000000    ,    0.00000000    
0000000236,    33.0000000    ,    0.00000000    ,    1.00000000    ,   0.144560754E-04,  -0.170413579E-09,   0.141497715E-09,   0.271119591E-09,    0.00000000    ,    0.00000000    
0000000237,    34.0000000    ,    0.00000000    ,    1.00000000    ,   0.144553440E-04,  -0.706724909E-10,   0.868438210E-10,   0.271114423E-09,    0.00000000    ,    0.00000000    
0000000238,    35.0000000    ,    0.00000000    ,    1.00000000    ,   0.144547472E-04,    0.00000000    ,   0.416113636E-10,   0.271111325E-09,    0.00000000    ,    0.00000000    
0000000239,    36.0000000    ,    0.00000000    ,    1.00000000    ,   0.144542421E-04,    0.00000000    ,   0.213663524E-10,   0.271111128E-09,    0.00000000    ,    0.00000000    
0000000240,    37.0000000    ,    0.00000000    ,    1.00000000    ,   0.144537736E-04,    0.00000000    ,   0.302400713E-10,   0.271113096E-09,    0.00000000    ,    0.00000000    
0000000241,    38.0000000    ,    0.00000000    ,    1.00000000    ,   0.144532938E-04,  -0.255106328E-10,   0.592040128E-10,   0.271115305E-09,    0.00000000    ,    0.00000000    
0000000242,    39.0000000    ,    0.00000000    ,    1.00000000    ,   0.144527640E-04,  -0.102793666E-09,   0.835599961E-10,   0.271115871E-09,    0.00000000    ,    0.00000000    
0000000243,    40.0000000    ,    0.00000000    ,    1.00000000    ,   0.144521923E-04,  -0.134158938E-09,   0.802746274E-10,   0.271114523E-09,    0.00000000    ,    0.00000000    
0000000244,    41.0000000    ,    0.00000000    ,    1.00000000    ,   0.144516483E-04,  -0.106525989E-09,   0.498747693E-10,   0.271112962E-09,    0.00000000    ,    0.00000000    
0000000245,    42.0000000    ,    0.00000000    ,    1.00000000    ,   0.144512028E-04,  -0.398293372E-10,   0.131667083E-10,   0.271113763E-09,    0.00000000    ,    0.00000000    
0000000246,    43.0000000    ,    0.00000000    ,    1.00000000    ,   0.144508599E-04,    0.00000000    ,    0.00000000    ,   0.271118586E-09,    0.00000000    ,    0.00000000    
0000000247,    44.0000000    ,    0.00000000    ,    1.00000000    ,   0.144505685E-04,    0.00000000    ,    0.00000000    ,   0.271126834E-09,    0.00000000    ,    0.00000000    
0000000248,    45.0000000    ,    0.00000000    ,    1.00000000    ,   0.144502730E-04,    0.00000000    ,   0.267214856E-11,   0.271135951E-09,    0.00000000    ,    0.00000000    
0000000249,    46.0000000    ,    0.00000000    ,    1.00000000    ,   0.144499232E-04,    0.00000000    ,   0.349886403E-10,   0.271142990E-09,    0.00000000    ,    0.00000000    
0000000250,    47.0000000    ,    0.00000000    ,    1.00000000    ,   0.144494783E-04,  -0.420337728E-10,   0.618246197E-10,   0.271146157E-09,    0.00000000    ,    0.00000000    
0000000251,    48.0000000    ,    0.00000000    ,    1.00000000    ,   0.144489506E-04,  -0.683987981E-10,   0.661536075E-10,   0.271145780E-09,    0.00000000    ,    0.00000000    
0000000252,    49.0000000    ,    0.00000000    ,    1.00000000    ,   0.144484144E-04,  -0.638057400E-10,   0.521804395E-10,   0.271144222E-09,    0.00000000    ,    0.00000000    
0000000253,    50.0000000    ,    0.00000000    ,    1.00000000    ,   0.144479341E-04,  -0.360830285E-10,   0.350681866E-10,   0.271144176E-09,    0.00000000    ,    0.00000000    
0000000254,    51.0000000    ,    0.00000000    ,    1.00000000    ,   0.144475123E-04,  -0.337384230E-11,   0.224990265E-10,   0.271146830E-09,    0.00000000    ,    0.00000000    
0000000255,    52.0000000    ,    0.00000000    ,    1.00000000    ,   0.144471234E-04,    0.00000000    ,   0.170943710E-10,   0.271151781E-09,    0.00000000    ,    0.00000000    
0000000256,    53.0000000    ,    0.00000000    ,    1.00000000    ,   0.144467455E-04,    0.00000000    ,   0.217900922E-10,   0.271157915E-09,    0.00000000    ,    0.00000000    
0000000257,    54.0000000    ,    0.00000000    ,    1.00000000    ,   0.144463516E-04,  -0.203309260E-10,   0.312753791E-10,   0.271163889E-09,    0.00000000    ,    0.00000000    
0000000258,    55.0000000    ,    0.00000000    ,    1.00000000    ,   0.144459286E-04,  -0.568640581E-10,   0.321870743E-10,   0.271168759E-09,    0.00000000    ,    0.00000000    
0000000259,    56.0000000    ,    0.00000000    ,    1.00000000    ,   0.144455131E-04,  -0.819281850E-10,   0.195596346E-10,   0.271172767E-09,    0.00000000    ,    0.00000000    
0000000260,    57.0000000    ,    0.00000000    ,    1.00000000    ,   0.144451633E-04,  -0.800923588E-10,   0.129799414E-11,   0.271176939E-09,    0.00000000    ,    0.00000000    
0000000261,    58.0000000    ,    0.00000000    ,    1.00000000    ,   0.144448975E-04,  -0.463667200E-10,    0.00000000    ,   0.271181853E-09,    0.00000000    ,    0.00000000    
0000000262,    59.0000000    ,    0.00000000    ,    1.00000000    ,   0.144446866E-04,    0.00000000    ,    0.00000000    ,   0.271187441E-09,    0.00000000    ,    0.00000000    
0000000263,    60.0000000    ,    0.00000000    ,    1.00000000    ,   0.144444869E-04,    0.00000000    ,    0.00000000    ,   0.271193586E-09,    0.00000000    ,    0.00000000    
0000000264,    61.0000000    ,    0.00000000    ,    1.00000000    ,   0.144442464E-04,    0.00000000    ,    0.00000000    ,   0.271199989E-09,    0.00000000    ,    0.00000000    
0000000265,    62.0000000    ,    0.00000000    ,    1.00000000    ,   0.144439069E-04,    0.00000000    ,   0.332497977E-10,   0.271205726E-09,    0.00000000    ,    0.00000000    
0000000266,    63.0000000    ,    0.00000000    ,    1.00000000    ,   0.144434359E-04,    0.00000000    ,   0.670411891E-10,   0.271209716E-09,    0.00000000    ,    0.00000000    
0000000267,    64.0000000    ,    0.00000000    ,    1.00000000    ,   0.144428542E-04,  -0.306130238E-10,   0.896827416E-10,   0.271211590E-09,    0.00000000    ,    0.00000000    
0000000268,    65.0000000    ,    0.00000000    ,    1.00000000    ,   0.144422201E-04,  -0.764396339E-10,   0.959830190E-10,   0.271211841E-09,    0.00000000    ,    0.00000000    
0000000269,    66.0000000    ,    0.00000000    ,    1.00000000    ,   0.144415968E-04,  -0.910588247E-10,   0.856693947E-10,   0.271211438E-09,    0.00000000    ,    0.00000000    
0000000270,    67.0000000    ,    0.00000000    ,    1.00000000    ,   0.144410318E-04,  -0.716566449E-10,   0.641955110E-10,   0.271211484E-09,    0.00000000    ,    0.00000000    
0000000271,    68.0000000    ,    0.00000000    ,    1.00000000    ,   0.144405462E-04,  -0.316868600E-10,   0.419535252E-10,   0.271212821E-09,    0.00000000    ,    0.00000000    
0000000272,    69.0000000    ,    0.00000000    ,    1.00000000    ,   0.144401258E-04,    0.00000000    ,   0.281075323E-10,   0.271215573E-09,    0.00000000    ,    0.00000000    
0000000273,    70.0000000    ,    0.00000000    ,    1.00000000    ,   0.144397318E-04,    0.00000000    ,   0.253369715E-10,   0.271219114E-09,    0.00000000    ,    0.00000000    
0000000274,    71.0000000    ,    0.00000000    ,    1.00000000    ,   0.144393290E-04,    0.00000000    ,   0.306431519E-10,   0.271222560E-09,    0.00000000    ,    0.00000000    
0000000275,    72.0000000    ,    0.00000000    ,    1.00000000    ,   0.144389043E-04,  -0.146832071E-10,   0.382643665E-10,   0.271225330E-09,    0.00000000    ,    0.00000000    
0000000276,    73.0000000    ,    0.00000000    ,    1.00000000    ,   0.144384666E-04,  -0.470761068E-10,   0.418654929E-10,   0.271227427E-09,    0.00000000    ,    0.00000000    
0000000277,    74.0000000    ,    0.00000000    ,    1.00000000    ,   0.144380397E-04,  -0.630418434E-10,   0.380380523E-10,   0.271229455E-09,    0.00000000    ,    0.00000000    
0000000278,    75.0000000    ,    0.00000000    ,    1.00000000    ,   0.144376472E-04,  -0.521727531E-10,   0.286513763E-10,   0.271232282E-09,    0.00000000    ,    0.00000000    
0000000279,    76.0000000    ,    0.00000000    ,    1.00000000    ,   0.144372940E-04,  -0.188335963E-10,   0.184037875E-10,   0.271236469E-09,    0.00000000    ,    0.00000000    
0000000280,    77.0000000    ,    0.00000000    ,    1.00000000    ,   0.144369636E-04,    0.00000000    ,   0.121407753E-10,   0.271241942E-09,    0.00000000    ,    0.00000000    
0000000281,    78.0000000    ,    0.00000000    ,    1.00000000    ,   0.144366314E-04,    0.00000000    ,   0.147308159E-10,   0.271248125E-09,    0.00000000    ,    0.00000000    
0000000282,    79.0000000    ,    0.00000000    ,    1.00000000    ,   0.144362710E-04,    0.00000000    ,   0.281813260E-10,   0.271254144E-09,    0.00000000    ,    0.00000000    
0000000283,    80.0000000    ,    0.00000000    ,    1.00000000    ,   0.144358584E-04,    0.00000000    ,   0.478276868E-10,   0.271259025E-09,    0.00000000    ,    0.00000000    
0000000284,    81.0000000    ,    0.00000000    ,    1.00000000    ,   0.144353859E-04,  -0.154120296E-10,   0.656197287E-10,   0.271262137E-09,    0.00000000    ,    0.00000000    
0000000285,    82.0000000    ,    0.00000000    ,    1.00000000    ,   0.144348691E-04,  -0.366272258E-10,   0.765119679E-10,   0.271263621E-09,    0.00000000    ,    0.00000000    
0000000286,    83.0000000    ,    0.00000000    ,    1.00000000    ,   0.144343304E-04,  -0.348472065E-10,   0.796241295E-10,   0.271264194E-09,    0.00000000    ,    0.00000000    
0000000287,    84.0000000    ,    0.00000000    ,    1.00000000    ,   0.144337844E-04,  -0.122925866E-10,   0.769607275E-10,   0.271264540E-09,    0.00000000    ,    0.00000000    
0000000288,    85.0000000    ,    0.00000000    ,    1.00000000    ,   0.144332365E-04,    0.00000000    ,   0.734775603E-10,   0.271264989E-09,    0.00000000    ,    0.00000000    
0000000289,    86.0000000    ,    0.00000000    ,    1.00000000    ,   0.144326844E-04,    0.00000000    ,   0.753211719E-10,   0.271265636E-09,    0.00000000    ,    0.00000000    
0000000290,    87.0000000    ,    0.00000000    ,    1.00000000    ,   0.144321158E-04,    0.00000000    ,   0.848291291E-10,   0.271266297E-09,    0.00000000    ,    0.00000000    
0000000291,    88.0000000    ,    0.00000000    ,    1.00000000    ,   0.144315149E-04,  -0.799762269E-11,   0.965771498E-10,   0.271266339E-09,    0.00000000    ,    0.00000000    
0000000292,    89.0000000    ,    0.00000000    ,    1.00000000    ,   0.144308824E-04,  -0.457656326E-10,   0.100663362E-09,   0.271265226E-09,    0.00000000    ,    0.00000000    
0000000293,    90.0000000    ,    0.00000000    ,    1.00000000    ,   0.144302523E-04,  -0.749977857E-10,   0.920401527E-10,   0.271263236E-09,    0.00000000    ,    0.00000000    
0000000294,    91.0000000    ,    0.00000000    ,    1.00000000    ,   0.144296737E-04,  -0.821798561E-10,   0.735844106E-10,   0.271260552E-09,    0.00000000    ,    0.00000000    
0000000295,    92.0000000    ,    0.00000000    ,    1.00000000    ,   0.144291755E-04,  -0.640173531E-10,   0.496007828E-10,   0.271255254E-09,    0.00000000    ,    0.00000000    
0000000296,    93.0000000    ,    0.00000000    ,    1.00000000    ,   0.144287622E-04,  -0.296379172E-10,   0.244746068E-10,   0.271240824E-09,  -0.153945336E-14,    0.00000000    
0000000297,    94.0000000    ,    0.00000000    ,    1.00000000    ,   0.144284281E-04,    0.00000000    ,   0.784560142E-11,   0.271197254E-09,  -0.266325586E-13,    0.00000000    
0000000298,    95.0000000    ,    0.00000000    ,    1.00000000    ,   0.144281431E-04,    0.00000000    ,   0.739999626E-11,   0.271047279E-09,  -0.609187964E-13,    0.00000000    
0000000299,    96.0000000    ,    0.00000000    ,    1.00000000    ,   0.144278465E-04,    0.00000000    ,   0.166246030E-10,   0.270382780E-09,  -0.987368907E-14,    0.00000000    
0000000300,    97.0000000    ,    0.00000000    ,    1.00000000    ,   0.144275030E-04,    0.00000000    ,   0.246351462E-10,   0.266992119E-09,    0.00000000    ,    0.00000000    
0000000301,    98.0000000    ,    0.00000000    ,    1.00000000    ,   0.144271313E-04,  -0.216500040E-10,   0.288664258E-10,   0.251878952E-09,    0.00000000    ,    0.00000000    
0000000302,    99.0000000    ,    0.00000000    ,    1.00000000    ,   0.144267740E-04,  -0.323314764E-10,   0.358892358E-10,   0.196251791E-09,    0.00000000    ,    0.00000000    
0000000303,    100.000000    ,    0.00000000    ,    1.00000000    ,   0.144263735E-04,    0.00000000    ,    0.00000000    ,   0.255520569E-10,    0.00000000    ,    0.00000000    
0000000304,    0.00000000    ,    1.00000000    ,    1.00000000    ,    0.00000000    ,    0.00000000    ,    0.00000000    ,  -0.104915343E-08,   0.774745234E-12,   0.139186187E-11
0000000305,    1.00000000    ,    1.00000000    ,    1.00000000    ,   0.144789012E-04,    0.00000000    ,   0.843095858E-10,  -0.247265781E-09,   0.670276161E-12,    0.00000000    
0000000306,    2.00000000    ,    1.00000000    ,    1.00000000    ,   0.144785072E-04,   0.351810189E-10,   0.189464280E-09,    0.00000000    ,   0.156448347E-11,    0.00000000    
0000000307,    3.00000000    ,    1.00000000    ,    1.00000000    ,   0.144774022E-04,   0.850834611E-10,   0.695942366E-10,   0.113430672E-09,   0.993849022E-12,    0.00000000    
0000000308,    4.00000000    ,    1.00000000    ,    1.00000000    ,   0.144763750E-04,   0.402534251E-10,    0.00000000    ,   0.230537455E-09,    0.00000000    ,   0.674613005E-14
0000000309,    5.00000000    ,    1.00000000    ,    1.00000000    ,   0.144758500E-04,    0.00000000    ,   0.323319530E-11,   0.261663292E-09,    0.00000000    ,   0.116105679E-12
0000000310,    6.00000000    ,    1.00000000    ,    1.00000000    ,   0.144753969E-04,    0.00000000    ,   0.682989065E-10,   0.268892085E-09,    0.00000000    ,   0.378904971E-13
0000000311,    7.00000000    ,    1.00000000    ,    1.00000000    ,   0.144747866E-04,    0.00000000    ,   0.105343028E-09,   0.270544666E-09,    0.00000000    ,    0.00000000    
0000000312,    8.00000000    ,    1.00000000    ,    1.00000000    ,   0.144740589E-04,   0.142356866E-10,   0.116327274E-09,   0.270975341E-09,    0.00000000    ,    0.00000000    
0000000313,    9.00000000    ,    1.00000000    ,    1.00000000    ,   0.144732097E-04,   0.141989560E-09,   0.637009941E-10,   0.271102170E-09,   0.148464281E-13,    0.00000000    
0000000314,    10.0000000    ,    1.00000000    ,    1.00000000    ,   0.144724066E-04,   0.130947648E-09,    0.00000000    ,   0.271138476E-09,   0.196996083E-13,    0.00000000    
0000000315,    11.0000000    ,    1.00000000    ,    1.00000000    ,   0.144718860E-04,   0.530203200E-11,   0.697651456E-11,   0.271159828E-09,   0.164509942E-13,    0.00000000    
0000000316,    12.0000000    ,    1.00000000    ,    1.00000000    ,   0.144714548E-04,    0.00000000    ,   0.946615361E-10,   0.271175266E-09,   0.120498811E-13,    0.00000000    
0000000317,    13.0000000    ,    1.00000000    ,    1.00000000    ,   0.144707139E-04,    0.00000000    ,   0.122426020E-09,   0.271166266E-09,   0.959485931E-14,    0.00000000    
0000000318,    14.0000000    ,    1.00000000    ,    1.00000000    ,   0.144696995E-04,    0.00000000    ,   0.592813729E-10,   0.271151883E-09,   0.976610153E-14,    0.00000000    
0000000319,    15.0000000    ,    1.00000000    ,    1.00000000    ,   0.144688291E-04,    0.00000000    ,   0.420740569E-11,   0.271155146E-09,   0.114737276E-13,    0.00000000    
0000000320,    16.0000000    ,    1.00000000    ,    1.00000000    ,   0.144682920E-04,    0.00000000    ,   0.199513446E-10,   0.271161641E-09,   0.139298621E-13,    0.00000000    
0000000321,    17.0000000    ,    1.00000000    ,    1.00000000    ,   0.144678709E-04,    0.00000000    ,   0.557465486E-10,   0.271158175E-09,   0.165279630E-13,    0.00000000    
0000000322,    18.0000000    ,    1.00000000    ,    1.00000000    ,   0.144673471E-04,   0.111845773E-10,   0.524567442E-10,   0.271153432E-09,   0.180003852E-13,    0.00000000    
0000000323,    19.0000000    ,    1.00000000    ,    1.00000000    ,   0.144667725E-04,   0.126321963E-10,   0.380295452E-10,   0.271154032E-09,   0.170913012E-13,    0.00000000    
0000000324,    20.0000000    ,    1.00000000    ,    1.00000000    ,   0.144662235E-04,    0.00000000    ,   0.518923804E-10,   0.271156286E-09,   0.139241450E-13,    0.00000000    
0000000325,    21.0000000    ,    1.00000000    ,    1.00000000    ,   0.144655959E-04,    0.00000000    ,   0.601436243E-10,   0.271155666E-09,   0.105318762E-13,    0.00000000    
0000000326,    22.0000000    ,    1.00000000    ,    1.00000000    ,   0.144648553E-04,    0.00000000    ,   0.384457429E-10,   0.271150746E-09,   0.906056670E-14,    0.00000000    
0000000327,    23.0000000    ,    1.00000000    ,    1.00000000    ,   0.144641644E-04,    0.00000000    ,   0.300987336E-10,   0.271143337E-09,   0.961484972E-14,    0.00000000    
0000000328,    24.0000000    ,    1.00000000    ,    1.00000000    ,   0.144635902E-04,    0.00000000    ,   0.518706278E-10,   0.271138040E-09,   0.108317323E-13,    0.00000000    
0000000329,    25.0000000    ,    1.00000000    ,    1.00000000    ,   0.144630253E-04,    0.00000000    ,   0.698224130E-10,   0.271139760E-09,   0.118571904E-13,    0.00000000    
0000000330,    26.0000000    ,    1.00000000    ,    1.00000000    ,   0.144624217E-04,   0.291946473E-10,   0.854038693E-10,   0.271150009E-09,   0.127452097E-13,    0.00000000    
0000000331,    27.0000000    ,    1.00000000    ,    1.00000000    ,   0.144617597E-04,   0.684388395E-10,   0.116497681E-09,   0.271162693E-09,   0.137786870E-13,    0.00000000    
0000000332,    28.0000000    ,    1.00000000    ,    1.00000000    ,   0.144609106E-04,   0.783637258E-10,   0.130002572E-09,   0.271166295E-09,   0.149477614E-13,    0.00000000    
0000000333,    29.0000000    ,    1.00000000    ,    1.00000000    ,   0.144598313E-04,   0.388386798E-10,   0.990963566E-10,   0.271155970E-09,   0.153757711E-13,    0.00000000    
0000000334,    30.0000000    ,    1.00000000    ,    1.00000000    ,   0.144587057E-04,    0.00000000    ,   0.612926504E-10,   0.271139659E-09,   0.137607685E-13,    0.00000000    
0000000335,    31.0000000    ,    1.00000000    ,    1.00000000    ,   0.144577147E-04,    0.00000000    ,   0.544024710E-10,   0.271127681E-09,   0.103043078E-13,    0.00000000    
0000000336,    32.0000000    ,    1.00000000    ,    1.00000000    ,   0.144568651E-04,    0.00000000    ,   0.652901214E-10,   0.271122120E-09,   0.735102219E-14,    0.00000000    
0000000337,    33.0000000    ,    1.00000000    ,    1.00000000    ,   0.144561103E-04,    0.00000000    ,   0.699514386E-10,   0.271119541E-09,   0.730075840E-14,    0.00000000    
0000000338,    34.0000000    ,    1.00000000    ,    1.00000000    ,   0.144554437E-04,    0.00000000    ,   0.649742775E-10,   0.271117506E-09,   0.103835021E-13,    0.00000000    
0000000339,    35.0000000    ,    1.00000000    ,    1.00000000    ,   0.144548499E-04,   0.319725652E-10,   0.522433419E-10,   0.271115525E-09,   0.145838669E-13,    0.00000000    
0000000340,    36.0000000    ,    1.00000000    ,    1.00000000    ,   0.144542903E-04,   0.801276329E-10,   0.330603170E-10,   0.271113801E-09,   0.172568647E-13,    0.00000000    
0000000341,    37.0000000    ,    1.00000000    ,    1.00000000    ,   0.144537463E-04,   0.527968829E-10,   0.170018106E-10,   0.271112790E-09,   0.169507928E-13,    0.00000000    
0000000342,    38.0000000    ,    1.00000000    ,    1.00000000    ,   0.144532155E-04,    0.00000000    ,   0.137656808E-10,   0.271112529E-09,   0.141751187E-13,    0.00000000    
0000000343,    39.0000000    ,    1.00000000    ,    1.00000000    ,   0.144526867E-04,    0.00000000    ,   0.190051678E-10,   0.271112475E-09,   0.107793582E-13,    0.00000000    
0000000344,    40.0000000    ,    1.00000000    ,    1.00000000    ,   0.144521609E-04,    0.00000000    ,   0.212292279E-10,   0.271112470E-09,   0.872613981E-14,    0.00000000    
0000000345,    41.0000000    ,    1.00000000    ,    1.00000000    ,   0.144516759E-04,    0.00000000    ,   0.185259746E-10,   0.271113272E-09,   0.903562665E-14,    0.00000000    
0000000346,    42.0000000    ,    1.00000000    ,    1.00000000    ,   0.144512695E-04,    0.00000000    ,   0.166616879E-10,   0.271116000E-09,   0.112730945E-13,    0.00000000    
0000000347,    43.0000000    ,    1.00000000    ,    1.00000000    ,   0.144509278E-04,   0.280988135E-10,   0.155142322E-10,   0.271121286E-09,   0.139731043E-13,    0.00000000    
0000000348,    44.0000000    ,    1.00000000    ,    1.00000000    ,   0.144506031E-04,   0.626139341E-10,   0.119478460E-10,   0.271128602E-09,   0.157402411E-13,    0.00000000    
0000000349,    45.0000000    ,    1.00000000    ,    1.00000000    ,   0.144502610E-04,   0.506680258E-10,   0.108992648E-10,   0.271136190E-09,   0.159795889E-13,   0.237352538E-15
0000000350,    46.0000000    ,    1.00000000    ,    1.00000000    ,   0.144498786E-04,   0.610036606E-11,   0.173137155E-10,   0.271141895E-09,   0.148841451E-13,   0.100892095E-14
0000000351,    47.0000000    ,    1.00000000    ,    1.00000000    ,   0.144494302E-04,    0.00000000    ,   0.240740586E-10,   0.271144445E-09,   0.131720299E-13,   0.168729031E-14
0000000352,    48.0000000    ,    1.00000000    ,    1.00000000    ,   0.144489242E-04,    0.00000000    ,   0.236656991E-10,   0.271144325E-09,   0.117172576E-13,   0.199082990E-14
0000000353,    49.0000000    ,    1.00000000    ,    1.00000000    ,   0.144484190E-04,    0.00000000    ,   0.213721022E-10,   0.271143544E-09,   0.110388498E-13,   0.200702175E-14
0000000354,    50.0000000    ,    1.00000000    ,    1.00000000    ,   0.144479618E-04,    0.00000000    ,   0.231493790E-10,   0.271144241E-09,   0.111034637E-13,   0.200153494E-14
0000000355,    51.0000000    ,    1.00000000    ,    1.00000000    ,   0.144475450E-04,    0.00000000    ,   0.242600759E-10,   0.271147329E-09,   0.116020345E-13,   0.206419202E-14
0000000356,    52.0000000    ,    1.00000000    ,    1.00000000    ,   0.144471420E-04,   0.151665806E-10,   0.206164590E-10,   0.271152370E-09,   0.121909650E-13,   0.217043663E-14
0000000357,    53.0000000    ,    1.00000000    ,    1.00000000    ,   0.144467389E-04,   0.858332056E-11,   0.156655428E-10,   0.271158254E-09,   0.125299195E-13,   0.234386590E-14
0000000358,    54.0000000    ,    1.00000000    ,    1.00000000    ,   0.144463226E-04,    0.00000000    ,   0.965106557E-11,   0.271163792E-09,   0.124326533E-13,   0.254572683E-14
0000000359,    55.0000000    ,    1.00000000    ,    1.00000000    ,   0.144458921E-04,    0.00000000    ,    0.00000000    ,   0.271168359E-09,   0.120326533E-13,   0.266866209E-14
0000000360,    56.0000000    ,    1.00000000    ,    1.00000000    ,   0.144454881E-04,    0.00000000    ,    0.00000000    ,   0.271172397E-09,   0.116628115E-13,   0.277045586E-14
0000000361,    57.0000000    ,    1.00000000    ,    1.00000000    ,   0.144451652E-04,    0.00000000    ,    0.00000000    ,   0.271176910E-09,   0.116338811E-13,   0.304038394E-14
0000000362,    58.0000000    ,    1.00000000    ,    1.00000000    ,   0.144449312E-04,    0.00000000    ,    0.00000000    ,   0.271182356E-09,   0.121373247E-13,   0.349448470E-14
0000000363,    59.0000000    ,    1.00000000    ,    1.00000000    ,   0.144447419E-04,   0.886860192E-11,   0.636832227E-11,   0.271188421E-09,   0.131175838E-13,   0.397080129E-14
0000000364,    60.0000000    ,    1.00000000    ,    1.00000000    ,   0.144445400E-04,   0.619559064E-10,   0.182824352E-10,   0.271194610E-09,   0.141418909E-13,   0.439781331E-14
0000000365,    61.0000000    ,    1.00000000    ,    1.00000000    ,   0.144442723E-04,   0.879156540E-10,   0.291818278E-10,   0.271200435E-09,   0.145877422E-13,   0.482593805E-14
0000000366,    62.0000000    ,    1.00000000    ,    1.00000000    ,   0.144438935E-04,   0.745230647E-10,   0.366626117E-10,   0.271205222E-09,   0.140841451E-13,   0.525199084E-14
0000000367,    63.0000000    ,    1.00000000    ,    1.00000000    ,   0.144433895E-04,   0.281148825E-10,   0.382864393E-10,   0.271208386E-09,   0.127545718E-13,   0.560974627E-14
0000000368,    64.0000000    ,    1.00000000    ,    1.00000000    ,   0.144427954E-04,    0.00000000    ,   0.362351101E-10,   0.271209949E-09,   0.111134781E-13,   0.588032663E-14
0000000369,    65.0000000    ,    1.00000000    ,    1.00000000    ,   0.144421743E-04,    0.00000000    ,   0.343437682E-10,   0.271210545E-09,   0.981724781E-14,   0.608368396E-14
0000000370,    66.0000000    ,    1.00000000    ,    1.00000000    ,   0.144415821E-04,    0.00000000    ,   0.334029593E-10,   0.271211013E-09,   0.939219262E-14,   0.622591898E-14
0000000371,    67.0000000    ,    1.00000000    ,    1.00000000    ,   0.144410512E-04,    0.00000000    ,   0.324596290E-10,   0.271212065E-09,   0.997272025E-14,   0.633511803E-14
0000000372,    68.0000000    ,    1.00000000    ,    1.00000000    ,   0.144405862E-04,    0.00000000    ,   0.312654717E-10,   0.271214050E-09,   0.112013822E-13,   0.648337704E-14
0000000373,    69.0000000    ,    1.00000000    ,    1.00000000    ,   0.144401643E-04,   0.683597732E-11,   0.291119801E-10,   0.271216791E-09,   0.124187636E-13,   0.671501255E-14
0000000374,    70.0000000    ,    1.00000000    ,    1.00000000    ,   0.144397498E-04,   0.248177522E-10,   0.245816636E-10,   0.271219726E-09,   0.130314831E-13,   0.699890705E-14
0000000375,    71.0000000    ,    1.00000000    ,    1.00000000    ,   0.144393194E-04,   0.151601752E-10,   0.181044326E-10,   0.271222336E-09,   0.128070610E-13,   0.727048501E-14
0000000376,    72.0000000    ,    1.00000000    ,    1.00000000    ,   0.144388744E-04,    0.00000000    ,   0.120702584E-10,   0.271224472E-09,   0.119496988E-13,   0.747652820E-14
0000000377,    73.0000000    ,    1.00000000    ,    1.00000000    ,   0.144384342E-04,    0.00000000    ,   0.846493144E-11,   0.271226447E-09,   0.109706676E-13,   0.758879679E-14
0000000378,    74.0000000    ,    1.00000000    ,    1.00000000    ,   0.144380237E-04,    0.00000000    ,   0.868664019E-11,   0.271228907E-09,   0.104233678E-13,   0.763280639E-14
0000000379,    75.0000000    ,    1.00000000    ,    1.00000000    ,   0.144376581E-04,    0.00000000    ,   0.132647687E-10,   0.271232463E-09,   0.106042023E-13,   0.768180399E-14
0000000380,    76.0000000    ,    1.00000000    ,    1.00000000    ,   0.144373274E-04,    0.00000000    ,   0.195523679E-10,   0.271237257E-09,   0.113920009E-13,   0.778202462E-14
0000000381,    77.0000000    ,    1.00000000    ,    1.00000000    ,   0.144370024E-04,   0.199668814E-10,   0.235553750E-10,   0.271242885E-09,   0.123353104E-13,   0.792752104E-14
0000000382,    78.0000000    ,    1.00000000    ,    1.00000000    ,   0.144366557E-04,   0.442665708E-10,   0.249316109E-10,   0.271248697E-09,   0.129079723E-13,   0.812009660E-14
0000000383,    79.0000000    ,    1.00000000    ,    1.00000000    ,   0.144362691E-04,   0.423479235E-10,   0.260704257E-10,   0.271254031E-09,   0.127950898E-13,   0.837302707E-14
0000000384,    80.0000000    ,    1.00000000    ,    1.00000000    ,   0.144358332E-04,   0.172238192E-10,   0.280649323E-10,   0.271258309E-09,   0.120792720E-13,   0.865492638E-14
0000000385,    81.0000000    ,    1.00000000    ,    1.00000000    ,   0.144353532E-04,    0.00000000    ,   0.315313549E-10,   0.271261235E-09,   0.111767491E-13,   0.890885445E-14
0000000386,    82.0000000    ,    1.00000000    ,    1.00000000    ,   0.144348478E-04,    0.00000000    ,   0.378238733E-10,   0.271263004E-09,   0.105593870E-13,   0.912479692E-14
0000000387,    83.0000000    ,    1.00000000    ,    1.00000000    ,   0.144343322E-04,    0.00000000    ,   0.463881053E-10,   0.271264145E-09,   0.105101591E-13,   0.933578974E-14
0000000388,    84.0000000    ,    1.00000000    ,    1.00000000    ,   0.144338069E-04,    0.00000000    ,   0.538203155E-10,   0.271265036E-09,   0.110064278E-13,   0.954943005E-14
0000000389,    85.0000000    ,    1.00000000    ,    1.00000000    ,   0.144332646E-04,   0.158056906E-10,   0.571267143E-10,   0.271265678E-09,   0.116961161E-13,   0.973989529E-14
0000000390,    86.0000000    ,    1.00000000    ,    1.00000000    ,   0.144326992E-04,   0.306242921E-10,   0.567118641E-10,   0.271266015E-09,   0.120749363E-13,   0.992207276E-14
0000000391,    87.0000000    ,    1.00000000    ,    1.00000000    ,   0.144321069E-04,   0.217368311E-10,   0.547662485E-10,   0.271266064E-09,   0.118422648E-13,   0.101436171E-13
0000000392,    88.0000000    ,    1.00000000    ,    1.00000000    ,   0.144314851E-04,    0.00000000    ,   0.507949386E-10,   0.271265591E-09,   0.110937947E-13,   0.103519241E-13
0000000393,    89.0000000    ,    1.00000000    ,    1.00000000    ,   0.144308447E-04,    0.00000000    ,   0.424954446E-10,   0.271264341E-09,   0.102085380E-13,   0.104153870E-13
0000000394,    90.0000000    ,    1.00000000    ,    1.00000000    ,   0.144302231E-04,    0.00000000    ,   0.320685741E-10,   0.271262629E-09,   0.960234132E-14,   0.102714637E-13
0000000395,    91.0000000    ,    1.00000000    ,    1.00000000    ,   0.144296665E-04,    0.00000000    ,   0.249545005E-10,   0.271260170E-09,   0.921976095E-14,   0.960418305E-14
0000000396,    92.0000000    ,    1.00000000    ,    1.00000000    ,   0.144291937E-04,    0.00000000    ,   0.208838605E-10,   0.271253351E-09,   0.731683514E-14,   0.696966964E-14
0000000397,    93.0000000    ,    1.00000000    ,    1.00000000    ,   0.144287965E-04,    0.00000000    ,   0.161217152E-10,   0.271231967E-09,    0.00000000    ,    0.00000000    
0000000398,    94.0000000    ,    1.00000000    ,    1.00000000    ,   0.144284638E-04,   0.605602394E-11,   0.139984972E-10,   0.271172161E-09,    0.00000000    ,    0.00000000    
0000000399,    95.0000000    ,    1.00000000    ,    1.00000000    ,   0.144281666E-04,   0.295740095E-10,   0.176348997E-10,   0.271012993E-09,    0.00000000    ,    0.00000000    
0000000400,    96.0000000    ,    1.00000000    ,    1.00000000    ,   0.144278490E-04,   0.320740590E-10,   0.187307995E-10,   0.270433826E-09,    0.00000000    ,   0.585107770E-13
0000000401,    97.0000000    ,    1.00000000    ,    1.00000000    ,   0.144274847E-04,   0.137687169E-10,   0.127622226E-10,   0.267231844E-09,   0.229851568E-12,   0.121049871E-12
0000000402,    98.0000000    ,    1.00000000    ,    1.00000000    ,   0.144270959E-04,    0.00000000    ,   0.207858483E-11,   0.251977042E-09,   0.327941322E-12,    0.00000000    
0000000403,    99.0000000    ,    1.00000000    ,    1.00000000    ,   0.144267633E-04,    0.00000000    ,   0.161754579E-10,   0.196509153E-09,   0.585303262E-12,   0.146350477E-12
0000000404,    100.000000    ,    1.00000000    ,    1.00000000    ,   0.144264058E-04,    0.00000000    ,    0.00000000    ,   0.255368516E-10,   0.570097966E-12,    0.00000000    
